Model,MAE,RMSE
ARIMA,1194.221277,2180.503826
SARIMA,1352.598121,2286.335343
Prophet,1241.275126,2196.021982
